"","X","X.2","X.1","MUNICIPALITY","RESP","CVD","PM10","CO","NO2","Temp","ID.MUNICIPALITY","ID.PM10","ID.CO","ID.NO2","RESP1","Expected","TotalPop"
"1",1,1,1,1001,12,46,133.304740458015,1.63462595419847,98.0300687022901,284.686412238589,1,1,1,1,2,13.9313436099268,400
"2",2,2,2,1002,16,31,158.745948529412,1.94128676470588,145.307088235294,287.143692914177,2,2,2,2,6,18.8073138734011,540
"3",3,3,3,1003,0,6,48.1892727272727,0.430969696969697,17.5929696969697,276.839245882901,3,3,3,3,0,-9.5820596917022,12
"4",4,4,4,1004,0,25,133.947676923077,1.62252307692308,108.593323076923,286.765077092097,4,4,4,4,0,-1.08394008964688,256
"5",5,5,5,1005,0,9,108.541947368421,1.41265789473684,75.3215,282.890370151453,5,5,5,5,0,-8.74617907510659,36
"6",6,6,6,1006,34,56,106.217168316832,1.38249504950495,84.2549702970297,284.730239452702,6,6,6,6,24,19.7128512080464,566
"7",7,7,7,1007,0,5,90.4721,0.55695,42.29475,282.888118743896,7,7,7,7,0,-9.44274625560293,16
"8",8,8,8,1008,76,138,143.32360371517,2.16086068111455,138.699074303406,285.819881096713,8,8,8,8,66,43.74441893517,1256
"9",9,9,9,1009,11,22,177.120255319149,2.58678723404255,124.867457446809,284.584790168925,9,9,9,9,1,10.0305673991473,288
"10",10,10,10,1010,0,7,64.616447368421,0.432078947368421,21.7515,278.847272370991,10,10,10,10,0,-7.56201486826282,70
"11",11,11,11,1011,0,4,74.95475,0.801,36.687,279.971308390299,11,11,11,11,0,-9.09446266535476,26
"12",12,12,12,1012,0,6,147.335,2.04790697674419,97.4498139534884,286.395541168923,12,12,12,12,0,-6.72613425166721,94
"13",13,13,13,1013,63,115,135.771265517241,1.86466896551724,124.524493103448,285.379735696727,13,13,13,13,53,40.2615830326883,1156
"14",14,14,14,1014,0,20,165.488370967742,2.25403225806452,134.67785483871,286.705337032195,14,14,14,14,0,-3.38261178528479,190
"15",15,15,15,1015,11,15,137.891428571429,1.32019642857143,88.2237321428571,286.024367741176,15,15,15,15,1,-8.81583579315623,34
"16",16,16,16,1016,16,47,118.962427480916,1.45951145038168,83.7687404580153,284.932941698846,16,16,16,16,6,-0.457029627200175,274
"17",17,17,17,1017,0,7,127.747666666667,1.606375,96.7729166666667,284.856991238064,17,17,17,17,0,-8.32823876680879,48
"18",18,18,18,1018,19,23,149.049507936508,2.09766666666667,106.296452380952,286.332924575402,18,18,18,18,9,-1.29291024379578,250
"19",19,19,19,1019,0,9,35.2223333333333,0.229111111111111,8.07344444444444,278.510714382596,19,19,19,19,0,-9.93034328195037,2
"20",20,20,20,1020,15,44,149.156371428571,2.1544,138.203014285714,286.744169580369,20,20,20,20,5,29.5344484530447,848
"21",21,21,21,1021,0,25,156.959,1.73016129032258,116.144419354839,285.386273784022,21,21,21,21,0,-5.19368645457527,138
"22",22,22,22,1022,10,20,39.5939051724138,0.50301724137931,14.9097844827586,275.081214261694,22,22,22,22,0,21.8025527495354,626
"23",23,23,23,1023,0,13,143.42475,1.36975,90.83975,285.10182153611,23,23,23,23,0,-7.21373127801465,80
"24",24,24,24,1024,137,220,165.20751884058,2.79915072463768,183.117556521739,286.173527725883,24,24,24,24,127,52.4515086913742,1506
"25",25,25,25,1025,20,40,131.213144736842,1.74286842105263,116.475381578947,281.384376325105,25,25,25,25,10,21.3846124412376,614
"26",26,26,26,1026,0,7,54.5404193548387,0.551548387096774,23.0416129032258,275.203311621319,26,26,26,26,0,-8.74617907510659,36
"27",27,27,27,1027,0,21,133.9104375,1.832734375,99.83053125,287.619022369385,27,27,27,27,0,-3.87020881163223,176
"28",28,28,28,1028,75,114,159.201518644068,2.46631186440678,150.924593220339,286.348982161183,28,28,28,28,65,30.2310156335411,868
"29",29,29,29,1029,0,12,80.4844482758621,0.521862068965517,38.0095172413793,282.736998196306,29,29,29,29,0,-6.86544768776648,90
"30",30,30,30,1030,12,49,136.371798701299,1.70347402597403,111.827279220779,287.589829283875,30,30,30,30,2,15.5334481250683,446
"31",31,31,31,1031,0,21,125.699448979592,1.69008163265306,95.9892448979592,288.262050706513,31,31,31,31,0,-5.12402973652564,140
"32",32,32,32,1032,12,24,96.117670212766,1.22198936170213,62.8807553191489,285.166274050449,32,32,32,32,2,12.6078659669837,362
"33",33,33,33,1033,23,30,144.617837037037,1.87688148148148,118.734481481481,286.853635943377,33,33,33,33,13,11.4237017601399,328
"34",34,34,34,1034,33,78,168.950660792952,2.55247136563877,146.233718061674,286.622971320467,34,34,34,34,23,30.0917021974418,864
"35",35,35,35,1035,18,41,139.996048611111,2.02425694444444,131.437840277778,286.062034818861,35,35,35,35,8,14.836880944572,426
"36",36,36,36,1036,0,4,125.869,1.004,69.981625,282.16565489769,36,36,36,36,0,-9.16411938340439,24
"37",37,37,37,1037,0,2,137.661176470588,1.716,77.7578823529412,286.309108060949,37,37,37,37,0,-8.18892533070952,52
"38",38,38,38,1038,25,65,142.842660944206,2.19657510729614,146.153111587983,285.784286106093,38,38,38,38,15,17.4141795124084,500
"39",39,39,39,1039,0,15,170.368625,2.6106625,120.0182875,285.968438339233,39,39,39,39,0,-1.57153711599432,242
"40",40,40,40,1040,0,18,79.3217142857143,0.913844155844156,50.5641038961039,279.889074350332,40,40,40,40,0,-5.054373018476,142
"41",41,41,41,1041,0,12,148.374461538462,1.87163461538462,134.768192307692,284.636826735276,41,41,41,41,0,-6.23853722531978,108
"42",42,42,42,1042,0,14,139.465709677419,1.79222580645161,113.278048387097,284.22831824518,42,42,42,42,0,-7.42270143216355,74
"43",43,43,43,1043,0,11,128.335985074627,1.75877611940299,108.918,285.908226901382,43,43,43,43,0,-3.10398491308626,198
"44",44,44,44,1044,41,93,101.825874493927,1.42614170040486,81.530951417004,280.83937054221,44,44,44,44,31,37.4056575926533,1074
"45",45,45,45,1045,30,69,130.569976744186,1.68797674418605,115.975288372093,285.208133147484,45,45,45,45,20,15.2548212528698,438
"46",46,46,46,1046,24,69,129.733369318182,1.6629375,99.1189943181818,282.150998895819,46,46,46,46,14,12.1899256586859,350
"47",47,47,47,1047,35,113,148.505370689655,2.02980172413793,114.21774137931,285.125741629765,47,47,47,47,25,34.5497321526183,992
"48",48,48,48,1048,44,60,168.630798206278,2.50478923766816,139.157210762332,286.372559195891,48,48,48,48,34,13.6527167377282,392
"49",49,49,49,1049,12,15,141.484537313433,1.76935820895522,123.128865671642,286.266129223268,49,49,49,49,2,-6.02956707117088,114
"50",50,50,50,1050,11,21,155.1313,2.10647142857143,121.7254,284.421725463867,50,50,50,50,1,-2.47707445063955,216
"51",51,51,51,1051,20,54,167.024510752688,2.40241397849462,168.107489247312,286.197279735278,51,51,51,51,10,-0.0390893189023718,286
"52",52,52,52,1052,0,4,92.42345,0.69925,48.3788,280.886210632324,52,52,52,52,0,-9.51240297365256,14
"53",53,53,53,1053,14,25,116.689111111111,1.63159259259259,102.649938271605,283.265340546031,53,53,53,53,4,-2.75570132283809,208
"54",54,54,54,1054,0,6,49.1362727272727,0.490848484848485,15.801303030303,282.706386681759,54,54,54,54,0,-9.7910298458511,6
"55",55,55,55,1055,0,20,98.1279017857143,0.982071428571429,62.3171339285714,281.602009637015,55,55,55,55,0,-5.40265660872417,132
"56",56,56,56,1056,0,26,116.574375,1.599625,102.066160714286,286.476228305272,56,56,56,56,0,-6.44750737946868,102
"57",57,57,57,1057,0,11,50.38209375,0.45059375,21.5611875,280.659490267436,57,57,57,57,0,-5.54197004482344,128
"58",58,58,58,1058,78,160,163.211315436242,2.30225838926174,149.683577181208,285.580101508156,58,58,58,58,68,46.1127473488576,1324
"59",59,59,59,1059,204,421,161.41643956044,2.37975274725275,140.057,285.686642513545,59,59,59,59,194,187.446228271564,5382
"60",60,60,60,1060,18,11,155.29427027027,2.0297027027027,99.9741756756757,286.518504168536,60,60,60,60,8,-3.59158193943369,184
"61",61,61,61,1061,0,19,151.772112903226,2.22162903225806,140.823338709677,285.139169631466,61,61,61,61,0,-5.89025363507161,118
"62",62,62,62,1062,22,25,139.238041322314,1.71163636363636,115.352727272727,284.909256738079,62,62,62,62,12,-1.22325352574615,252
"63",63,63,63,1063,125,174,152.362350877193,2.37664619883041,142.832947368421,286.298910576001,63,63,63,63,115,54.6108669509129,1568
"64",64,64,64,1064,0,15,142.935949367089,1.66359493670886,88.2712025316456,286.44510467143,64,64,64,64,0,-3.45226850333443,188
"65",65,65,65,1065,0,25,162.525340206186,2.32541237113402,156.885020618557,285.655311820433,65,65,65,65,0,10.4485077074451,300
"66",66,66,66,1066,50,118,126.181326693227,1.61919920318725,96.8073147410359,283.627057504844,66,66,66,66,40,59.8351208046354,1718
"67",67,67,67,1067,0,7,87.9567307692308,0.676115384615385,40.3836923076923,282.362065241887,67,67,67,67,0,-8.32823876680879,48
"68",68,68,68,1068,29,44,154.630684210526,2.11416315789474,123.282515789474,285.691959100021,68,68,68,68,19,13.9313436099268,400
"69",69,69,69,1069,0,18,163.896662921348,2.64342696629213,118.325674157303,284.660188824943,69,69,69,69,0,-2.96467147698699,202
"70",70,70,70,1070,34,59,147.014039408867,1.91022167487685,134.99124137931,286.381118774414,70,70,70,70,24,22.4294632119821,644
"71",71,71,71,1071,0,22,150.4859,2.23277777777778,153.564522222222,286.723368326823,71,71,71,71,0,-2.40741773258992,218
"72",72,72,72,1072,10,13,60.1879411764706,0.535014705882353,25.3514264705882,282.233637417064,72,72,72,72,0,-5.40265660872417,132
"73",73,73,73,1073,0,2,25.5464444444444,0.212666666666667,4.52422222222222,272.045553056021,73,73,73,73,0,-9.86068656390073,4
"74",74,74,74,1074,0,3,32.3188333333333,0.3328,9.66856666666667,274.934257380168,74,74,74,74,0,-2.54673116868919,214
"75",75,75,75,1075,0,8,39.8664090909091,0.330318181818182,12.8397272727273,278.961988044507,75,75,75,75,0,-8.46755220290806,44
"76",76,76,76,1076,0,18,106.520945945946,1.37048648648649,82.0504864864865,281.832207344674,76,76,76,76,0,-5.054373018476,142
"77",77,77,77,1077,10,29,106.782115789474,1.1882,71.1042631578947,285.986317202919,77,77,77,77,0,-4.14883568383076,168
"78",78,78,78,1078,222,347,160.705314763231,2.66927019498607,128.609155988858,285.892271730783,78,78,78,78,212,219.557975292446,6304
"79",79,79,79,1079,0,4,66.798,0.6015,37.1066875,284.14807844162,79,79,79,79,0,-8.74617907510659,36
"80",80,80,80,1080,0,19,81.3870923076923,1.08324615384615,54.6296,283.024760084886,80,80,80,80,0,-7.70132830436209,66
"81",81,81,81,1081,0,18,128.694379746835,1.77549367088608,115.74,282.138329228268,81,81,81,81,0,10.4485077074451,300
"82",82,82,82,1082,142,274,164.355274787535,2.47323512747875,136.022798866856,286.142041646725,82,82,82,82,132,123.292390947852,3540
"83",83,83,83,1083,0,2,143.872333333333,1.21372222222222,90.9511666666667,288.759129418267,83,83,83,83,0,-8.39789548485842,46
"84",84,84,84,1084,0,2,77.9893571428571,0.465428571428571,28.0192142857143,276.742159162249,84,84,84,84,0,-8.53720892095769,42
"85",85,85,85,1085,0,8,151.31725,1.79475,90.47855,285.671782684326,85,85,85,85,0,-8.74617907510659,36
"86",86,86,86,1086,150,267,136.671124293785,1.88410734463277,115.061019774011,285.814693558688,86,86,86,86,140,67.4277030720455,1936
"87",87,87,87,1087,0,1,17.6315,0.0915,2.0555,274.360544204712,87,87,87,87,0,-8.04961189461025,56
"88",88,88,88,1088,0,15,81.2576162790698,0.865267441860465,41.9736279069767,281.777650345204,88,88,88,88,0,-5.054373018476,142
"89",89,89,89,1089,22,42,87.9686826347305,1.04276047904192,56.7671976047904,278.595610064661,89,89,89,89,12,15.6727615611676,450
"90",90,90,90,1090,226,443,155.501419178082,2.80232602739726,170.532821917808,286.199096679688,90,90,90,90,216,142.935585437848,4104
"91",91,91,91,1091,0,9,94.4253529411765,0.883,47.5678235294118,286.254344267004,91,91,91,91,0,-5.33299989067454,134
"92",92,92,92,1092,0,3,146.669043478261,1.98560869565217,124.847130434783,286.145564867103,92,92,92,92,0,-7.07441784191538,84
"93",93,93,93,1093,18,57,105.750447513812,1.41917679558011,86.9987624309392,279.741426190399,93,93,93,93,8,15.1155078167705,434
"94",94,94,94,1094,19,51,102.177701986755,1.09603973509934,60.8099668874172,280.819434496477,94,94,94,94,9,15.8120749972669,454
"95",95,95,95,1095,0,6,129.77337037037,0.891555555555556,64.8452962962963,287.018402099609,95,95,95,95,0,-8.46755220290806,44
"96",96,96,96,1096,0,14,136.017871794872,1.42115384615385,89.8985128205128,285.896256471292,96,96,96,96,0,-1.50188039794468,244
"97",97,97,97,1097,47,93,138.677526530612,1.7014,122.29832244898,285.848464841259,97,97,97,97,37,20.9666721329398,602
"98",98,98,98,1098,49,99,118.62260311284,1.52907782101167,90.5737509727626,284.492927937192,98,98,98,98,39,72.0250464633213,2068
"99",99,99,99,1099,60,109,147.388185770751,1.91462055335968,130.370209486166,286.228841849467,99,99,99,99,50,35.176642615065,1010
"100",100,100,100,1100,0,7,57.5126923076923,0.431307692307692,22.3799230769231,275.683273706681,100,100,100,100,0,-8.95514922925549,30
"101",101,101,101,1101,17,31,136.862135483871,1.79316774193548,112.555516129032,285.498332755796,101,101,101,101,7,28.5592544003498,820
"102",102,102,102,1102,0,21,154.330927083333,2.02983333333333,127.286052083333,286.021061817805,102,102,102,102,0,18.1804034109544,522
"103",103,103,103,1103,0,8,30.8456451612903,0.33241935483871,10.229935483871,280.569634222215,103,103,103,103,0,-9.02480594730513,28
"104",104,104,104,1104,25,48,124.441243243243,1.47695945945946,94.5465810810811,285.283061053302,104,104,104,104,15,-3.45226850333443,188
"105",105,105,105,1105,0,4,154.761862068966,1.83031034482759,127.42175862069,287.997036637931,105,105,105,105,0,-6.93510440581611,88
"106",106,106,106,1106,0,25,155.902511363636,2.00848863636364,121.085715909091,285.03447896784,106,106,106,106,0,-1.29291024379578,250
"107",107,107,107,1107,16,48,111.600841726619,1.37564028776978,76.8937985611511,284.99338558938,107,107,107,107,6,22.7777468022302,654
"108",108,108,108,1108,0,5,46.4542222222222,0.371111111111111,16.4691111111111,278.531987508138,108,108,108,108,0,-10,10
"109",109,109,109,1109,13,23,143.30887628866,1.7929793814433,115.284659793814,287.181882484672,109,109,109,109,3,-3.10398491308626,198
"110",110,110,110,1110,14,34,139.205806451613,1.87261290322581,129.79535483871,287.304873804892,110,110,110,110,4,-1.22325352574615,252
"111",111,111,111,1111,0,6,150.699451612903,1.7048064516129,125.765741935484,287.477126090757,111,111,111,111,0,-8.88549251120586,32
"112",112,112,112,1112,46,95,163.400091954023,2.48674712643678,132.749524904215,285.275672181813,112,112,112,112,36,38.9381053897453,1118
"113",113,113,113,1113,10,27,105.661836956522,1.11796739130435,71.9656739130435,284.274087657099,113,113,113,113,0,-3.87020881163223,176
"114",114,114,114,1114,0,10,104.227078947368,1.27413157894737,71.0313421052632,278.680480153937,114,114,114,114,0,-9.7910298458511,6
"115",115,115,115,1115,87,214,110.880643504532,1.52398791540786,89.1810120845921,282.34917949204,115,115,115,115,77,77.7368973433913,2232
"116",116,116,116,1116,19,29,134.036605769231,1.19514423076923,94.3764711538462,284.771140758808,116,116,116,116,9,-3.10398491308626,198
"117",117,117,117,1117,0,11,96.07894,1.21,66.42106,283.174705200195,117,117,117,117,0,-7.91029845851099,60
"118",118,118,118,1118,0,4,51.080125,0.352875,11.497125,274.650287628174,118,118,118,118,0,-10,10
"119",119,119,119,1119,0,7,103.3942,1.23091111111111,86.2613111111111,284.840525478787,119,119,119,119,0,-5.68128348092271,124
"120",120,120,120,1120,168,317,160.958869444444,3.03036666666667,183.0648,286.17872789171,120,120,120,120,158,87.2798677161911,2506
"121",121,121,121,1121,0,0,38.586,0.236,10.8175,280.691246032715,121,121,121,121,0,-10,10
"122",122,122,122,1122,0,5,92.858,0.971384615384615,53.3836923076923,283.525128584642,122,122,122,122,0,-8.81583579315623,34
"123",123,123,123,1123,0,2,141.733761904762,2.25347619047619,107.794619047619,286.096578446646,123,123,123,123,0,-9.65171640975183,10
"124",124,124,124,1124,0,7,110.3924,0.958366666666667,59.5604,284.967444101969,124,124,124,124,0,-8.53720892095769,42
"125",125,125,125,1125,106,271,150.212439882698,2.29528445747801,141.976859237537,286.857566542639,125,125,125,125,96,114.237017601399,3280
"126",126,126,126,1126,0,18,145.992449275362,1.66142028985507,105.058811594203,285.120634438335,126,126,126,126,0,-6.23853722531978,108
"127",127,127,127,1127,26,83,173.019786729858,2.61481042654028,169.227630331754,286.022747021716,127,127,127,127,16,21.0363288509894,604
"128",128,128,128,1128,39,111,112.682513043478,1.35953913043478,79.4784434782609,285.035491279934,128,128,128,128,29,23.7529408549251,682
"129",129,129,129,1129,0,17,177.045867924528,2.37388679245283,125.413320754717,283.653615987526,129,129,129,129,0,-5.95991035312124,116
"130",130,130,130,1130,52,126,157.255693333333,2.14570333333333,133.039556666667,286.526087341309,130,130,130,130,42,60.0440909587843,1724
"131",131,131,131,1131,0,2,36.81,0.199285714285714,11.7097142857143,281.213917323521,131,131,131,131,0,-10,10
"132",132,132,132,1132,0,24,146.790188235294,1.96001176470588,130.848482352941,285.467715274586,132,132,132,132,0,-2.82535804088772,206
"133",133,133,133,1133,0,6,121.396032258065,1.62216129032258,95.0809677419355,285.333165322581,133,133,133,133,0,-8.11926861265989,54
"134",134,134,134,1134,15,17,44.7167536231884,0.391971014492754,16.017115942029,280.735467756757,134,134,134,134,5,-5.95991035312124,116
"135",135,135,135,1135,0,16,158.540092307692,2.07144615384615,129.157169230769,285.83258995643,135,135,135,135,0,-4.98471630042637,144
"136",136,136,136,1136,0,16,151.6905,1.94912068965517,133.329689655172,287.545162332469,136,136,136,136,0,-4.35780583797967,162
"137",137,137,137,1137,0,8,137.814411764706,1.72011764705882,120.847941176471,283.550889856675,137,137,137,137,0,-7.77098502241172,64
"138",138,138,138,1138,0,8,122.550888888889,1.45516666666667,77.2288333333333,283.68699504711,138,138,138,138,0,-7.91029845851099,60
"139",139,139,139,1139,46,88,112.685858299595,1.75882995951417,98.5866396761134,284.19181446894,139,139,139,139,36,49.8045534054881,1430
"140",140,140,140,1140,0,4,128.887583333333,1.41620833333333,96.491,283.737333509657,140,140,140,140,0,-9.23377610145403,22
"141",141,141,141,1141,12,17,137.039128205128,1.45671794871795,101.561435897436,286.484932663094,141,141,141,141,2,-8.04961189461025,56
"142",142,142,142,1142,0,12,145.74476744186,1.85539534883721,133.134046511628,285.877856587255,142,142,142,142,0,-5.82059691702197,120
"143",143,143,143,1143,0,7,132.861142857143,1.52239285714286,87.9836785714286,286.158166885376,143,143,143,143,0,-8.32823876680879,48
"144",144,144,144,1144,0,18,152.983410958904,2.08506849315068,103.709904109589,284.756206146658,144,144,144,144,0,-6.51716409751831,100
"145",145,145,145,1145,0,2,27.0038,0.2244,6.6626,271.254037475586,145,145,145,145,0,-10,10
"146",146,146,146,1146,28,65,127.427005102041,1.7255612244898,101.897397959184,285.878396793288,146,146,146,146,18,17.4141795124084,500
"147",147,147,147,1147,0,18,92.0516875,1.0321875,62.3575208333333,281.145682652791,147,147,147,147,0,-7.14407455996502,82
"148",148,148,148,1148,14,35,154.938507042254,2.12945774647887,123.288725352113,286.350513941805,148,148,148,148,4,10.5181644254947,302
"149",149,149,149,1149,0,13,100.635425925926,1.29757407407407,77.3882222222222,283.161420468931,149,149,149,149,0,-8.11926861265989,54
"150",150,150,150,1150,0,12,141.396607142857,1.87421428571429,120.25925,286.999783107213,150,150,150,150,0,-1.71085055209358,238
"151",151,151,151,1151,0,2,105.676666666667,0.725,55.0333333333333,283.250930786133,151,151,151,151,0,-9.7910298458511,6
"152",152,152,152,1152,11,19,63.781765625,0.70375,31.781,280.243405103683,152,152,152,152,1,-8.11926861265989,54
"153",153,153,153,1153,0,6,134.3589,1.6509,79.8548666666667,286.653249359131,153,153,153,153,0,-7.91029845851099,60
"154",154,154,154,1154,0,14,52.767847826087,0.508913043478261,23.3614347826087,277.106733018073,154,154,154,154,0,-8.74617907510659,36
"155",155,155,155,1155,0,12,56.5855384615385,0.380346153846154,19.9003461538462,278.198601942796,155,155,155,155,0,-9.5820596917022,12
"156",156,156,156,1156,277,786,166.309271232877,2.94070410958904,173.641764383562,286.050750816032,156,156,156,156,267,296.458992019241,8512
"157",157,157,157,1157,0,0,25.084,0.246666666666667,6.974,282.43451944987,157,157,157,157,0,-9.93034328195037,2
"158",158,158,158,1158,0,10,142.65152173913,1.68730434782609,84.9774565217391,283.519301704738,158,158,158,158,0,-7.42270143216355,74
"159",159,159,159,1159,0,8,151.191028571429,1.96288571428571,109.569342857143,284.29191066197,159,159,159,159,0,-5.82059691702197,120
"160",160,160,160,1160,15,41,136.412441666667,1.77450833333333,111.422341666667,287.245049624973,160,160,160,160,5,15.2548212528698,438
"161",161,161,161,1161,41,75,157.354838095238,2.11892857142857,122.981714285714,286.47701851981,161,161,161,161,31,15.603104843118,448
"162",162,162,162,1162,0,10,165.390454545455,2.33256818181818,117.317818181818,285.108244635842,162,162,162,162,0,-4.91505958237674,146
"163",163,163,163,1163,0,7,147.240785714286,2.35183333333333,111.601880952381,286.229173932757,163,163,163,163,0,-8.81583579315623,34
"164",164,164,164,1164,308,512,173.693087912088,3.06252747252747,195.149623626374,286.220403398786,164,164,164,164,298,169.405138296709,4864
"165",165,165,165,1165,0,5,22.5583636363636,0.200272727272727,4.44627272727273,276.313949307528,165,165,165,165,0,-10,10
"166",166,166,166,1166,49,83,126.474167330677,1.73986055776892,105.593099601594,284.897158922902,166,166,166,166,39,22.638433366131,650
"167",167,167,167,1167,0,3,54.1060555555556,0.462555555555556,20.7022777777778,285.658823649088,167,167,167,167,0,-9.93034328195037,2
"168",168,168,168,1168,36,57,164.087307017544,2.43022807017544,168.742833333333,285.796566009521,168,168,168,168,26,25.0067617798185,718
"169",169,169,169,1169,0,6,45.74571875,0.50946875,18.71465625,280.278141975403,169,169,169,169,0,-9.3730895375533,18
"170",170,170,170,1170,0,17,136.514375,1.82180357142857,115.625982142857,283.930401665824,170,170,170,170,0,-3.87020881163223,176
"171",171,171,171,1171,143,239,160.3955,2.69775428571429,176.310037142857,286.262431466239,171,171,171,171,133,57.8847326992457,1662
"172",172,172,172,1172,0,10,125.715794871795,1.80425641025641,95.3538205128205,285.672630114433,172,172,172,172,0,-7.14407455996502,82
"173",173,173,173,1173,0,13,127.259622222222,1.62513333333333,122.388333333333,287.424568684896,173,173,173,173,0,-8.18892533070952,52
"174",174,174,174,1174,0,6,153.844806451613,2.2698064516129,152.93035483871,286.517978052939,174,174,174,174,0,-8.53720892095769,42
"175",175,175,175,1175,17,28,50.0538524590164,0.593549180327869,22.4659590163934,278.94606271784,175,175,175,175,7,22.3598064939324,642
"176",176,176,176,1176,0,13,137.880245283019,2.00466037735849,119.781132075472,285.56397520821,176,176,176,176,0,-7.91029845851099,60
"177",177,177,177,1177,0,16,125.181,1.55090384615385,92.8486153846154,283.979930584247,177,177,177,177,0,-7.63167158631245,68
"178",178,178,178,1178,27,24,165.721853658537,2.32648780487805,155.87756097561,285.900007294445,178,178,178,178,17,16.926582486061,486
"179",179,179,179,1179,0,2,145.745416666667,2.22291666666667,133.8765,288.796744028727,179,179,179,179,0,-8.32823876680879,48
"180",180,180,180,1180,0,9,144.543901960784,2.27952941176471,111.080137254902,286.498912886077,180,180,180,180,0,-5.12402973652564,140
"181",181,181,181,1181,10,43,149.178503875969,2.22857364341085,135.998302325581,286.29176389709,181,181,181,181,0,10.3788509893954,298
"182",182,182,182,1182,0,6,124.714333333333,1.1168,57.4675333333333,282.440027872721,182,182,182,182,0,-9.7910298458511,6
"183",183,183,183,1183,18,39,149.221485074627,1.9600447761194,111.195410447761,285.569197925169,183,183,183,183,8,11.980955504537,344
"184",184,184,184,1184,15,42,77.1717591240876,0.99621897810219,46.554197080292,281.387395928376,184,184,184,184,5,11.980955504537,344
"185",185,185,185,1185,0,6,146.447607142857,1.89767857142857,137.016571428571,286.490930829729,185,185,185,185,0,-8.11926861265989,54
"186",186,186,186,1186,0,10,74.677,0.8162,43.242475,282.079912312825,186,186,186,186,0,-8.18892533070952,52
"187",187,187,187,1187,0,6,145.940111111111,1.49886111111111,97.0141111111111,284.649909973145,187,187,187,187,0,-8.18892533070952,52
"188",188,188,188,1188,0,15,69.1021578947368,0.372605263157895,23.0671842105263,284.460619474712,188,188,188,188,0,-5.95991035312124,116
"189",189,189,189,1189,60,131,152.304322916667,2.34746875,149.837225694444,285.978712028927,189,189,189,189,50,32.529687329179,934
"190",190,190,190,1190,22,36,76.6504307692308,0.968976923076923,47.1407384615385,281.46677938608,190,190,190,190,12,-1.91982070624248,232
"191",191,191,191,1191,169,387,136.559346260388,2.17370914127424,136.011249307479,285.162321758182,191,191,191,191,159,158.747660435115,4558
"192",192,192,192,1192,44,79,140.242836909871,2.04461802575107,104.931030042918,285.312097704973,192,192,192,192,34,28.2806275281513,812
"193",193,193,193,1193,16,39,168.44997761194,2.37601492537313,163.574850746269,287.18006190969,193,193,193,193,6,-2.89501475893736,204
"194",194,194,194,1194,121,142,145.662231231231,2.05218018018018,141.580285285285,285.70398017952,194,194,194,194,111,49.8742101235378,1432
"195",195,195,195,1195,19,38,153.151983739837,1.99873983739837,146.941699186992,286.543116127572,195,195,195,195,9,12.4685525308844,358
"196",196,196,196,1196,0,20,124.6506,1.34041666666667,82.2103333333333,284.304350789388,196,196,196,196,0,-5.61162676287307,126
"197",197,197,197,1197,69,130,158.685946808511,2.26417730496454,117.658460992908,285.931573529615,197,197,197,197,59,44.0230458073685,1264
"198",198,198,198,1198,0,9,87.4463142857143,0.941342857142857,54.1673142857143,284.114984130859,198,198,198,198,0,-7.07441784191538,84
"199",199,199,199,1199,25,55,88.2341493506493,1.05835064935065,51.8629025974026,285.501468212574,199,199,199,199,15,28.3502842462009,814
"200",200,200,200,1200,0,14,91.37076,0.96626,55.90906,285.02361907959,200,200,200,200,0,-3.31295506723516,192
"201",201,201,201,1201,0,7,29.4200740740741,0.365148148148148,9.38711111111111,274.395611233181,201,201,201,201,0,11.3540450420903,326
"202",202,202,202,1202,0,4,31.0175,0.296285714285714,8.55085714285714,277.267892020089,202,202,202,202,0,-9.09446266535476,26
"203",203,203,203,1203,14,28,142.759,1.81559782608696,88.6824347826087,287.141206824261,203,203,203,203,4,10.657477861594,306
"204",204,204,204,1204,0,5,46.7398666666667,0.420066666666667,17.7010666666667,279.495020548503,204,204,204,204,0,-9.86068656390073,4
"205",205,205,205,1205,0,15,130.284872727273,1.50678181818182,101.184836363636,283.99477372603,205,205,205,205,0,-7.91029845851099,60
"206",206,206,206,1206,0,3,113.887970588235,1.00747058823529,69.4705588235294,283.628928016214,206,206,206,206,0,-8.04961189461025,56
"207",207,207,207,1207,0,8,105.7594,1.09333333333333,66.8850333333333,282.491973470052,207,207,207,207,0,-6.44750737946868,102
"208",208,208,208,1208,0,2,123.883454545455,1.20345454545455,90.3172727272727,285.188412753018,208,208,208,208,0,-8.88549251120586,32
"209",209,209,209,1209,0,7,144.705652173913,1.77447826086957,118.542260869565,289.882240627123,209,209,209,209,0,-8.95514922925549,30
"210",210,210,210,1210,0,16,126.991,1.39324074074074,95.5244444444444,280.445131655093,210,210,210,210,0,-7.42270143216355,74
"211",211,211,211,1211,13,19,123.6783625,1.45265,93.9162375,285.04173227946,211,211,211,211,3,-6.72613425166721,94
"212",212,212,212,1212,0,0,41.4912,0.403,11.2114,283.598420715332,212,212,212,212,0,-9.93034328195037,2
"213",213,213,213,1213,0,10,150.303576271186,1.60810169491525,86.2184915254237,283.937967281018,213,213,213,213,0,-7.49235815021318,72
"214",214,214,214,1214,110,169,155.105815789474,2.34176023391813,158.063564327485,286.247390970152,214,214,214,214,100,61.0192850114792,1752
"215",215,215,215,1215,21,43,172.103164285714,2.18531428571429,108.512314285714,286.772929890951,215,215,215,215,11,10.5181644254947,302
"216",216,216,216,1216,15,34,130.056289473684,1.61880701754386,108.28,284.842270165159,216,216,216,216,5,11.4933584781896,330
"217",217,217,217,1217,44,125,145.927535714286,2.00034285714286,122.024771428571,285.601748548235,217,217,217,217,34,49.2472996610911,1414
"218",218,218,218,1218,10,27,147.479,1.66891954022989,111.978137931034,285.152052605289,218,218,218,218,0,-2.96467147698699,202
"219",219,219,219,1219,225,459,145.672675824176,2.37076648351648,147.971087912088,285.622920906151,219,219,219,219,215,123.431704383951,3544
"220",220,220,220,1220,19,41,146.6725,1.83832432432432,119.066925675676,286.314080006367,220,220,220,220,9,-3.66123865748333,182
"221",221,221,221,1221,14,26,122.488861702128,1.31526595744681,82.4420638297872,287.004298108689,221,221,221,221,4,-3.59158193943369,184
"222",222,222,222,1222,12,25,136.919228915663,1.72551807228916,121.865915662651,286.655016060335,222,222,222,222,2,-6.30819394336941,106
"223",223,223,223,1223,0,42,154.364035714286,2.11815178571429,126.400669642857,287.323573998042,223,223,223,223,0,12.0506122225866,346
"224",224,224,224,1224,0,8,37.4801071428571,0.293642857142857,10.2327857142857,276.238328297933,224,224,224,224,0,-8.46755220290806,44
"225",225,225,225,1225,0,22,153.17208045977,2.23808045977011,121.092459770115,286.026910891478,225,225,225,225,0,-0.317716191100907,278
"226",226,226,226,1226,0,2,84.7602142857143,0.525928571428571,35.5779285714286,280.515505109515,226,226,226,226,0,-9.7910298458511,6
"227",227,227,227,1227,0,10,45.4370294117647,0.406852941176471,15.1629411764706,278.3122697718,227,227,227,227,0,-7.91029845851099,60
"228",228,228,228,1228,0,43,130.506390410959,1.85915068493151,120.427061643836,285.140363196804,228,228,228,228,0,-0.526686345249809,272
"229",229,229,229,1229,20,30,90.6667479674797,1.02262601626016,56.9976016260163,283.534985922216,229,229,229,229,10,13.0258062752815,374
"230",230,230,230,1230,0,11,84.8068611111111,0.807722222222222,46.3427777777778,280.648825751411,230,230,230,230,0,-8.39789548485842,46
"231",231,231,231,1231,11,21,144.02041025641,1.81971794871795,112.760282051282,285.840919299003,231,231,231,231,1,-4.0095222477315,172
"232",232,232,232,1232,0,6,55.125935483871,0.677935483870968,27.682064516129,278.173218265657,232,232,232,232,0,-5.54197004482344,128
"233",233,233,233,1233,0,4,160.1282,1.8407,133.667,288.35161895752,233,233,233,233,0,-7.84064174046135,62
"234",234,234,234,1234,0,0,41.3305,0.207,13.8225,278.098526000977,234,234,234,234,0,-10,10
"235",235,235,235,1235,0,11,148.361672727273,1.96707272727273,126.647127272727,286.748441800204,235,235,235,235,0,-2.89501475893736,204
"236",236,236,236,1236,21,44,154.133708571429,2.04412571428571,126.610988571429,285.954218226842,236,236,236,236,11,23.8922542910244,686
"237",237,237,237,1237,24,43,137.734068571429,1.79879428571429,108.66376,285.421608537946,237,237,237,237,14,-2.26810429649065,222
"238",238,238,238,1238,0,2,131.604333333333,1.3375,78.4773333333333,281.385831197103,238,238,238,238,0,-9.16411938340439,24
"239",239,239,239,1239,0,4,84.1375833333333,0.704333333333333,47.8904166666667,285.77986907959,239,239,239,239,0,-8.74617907510659,36
"240",240,240,240,1240,45,59,137.382757142857,1.74911428571429,113.187,285.501525297619,240,240,240,240,35,-0.248059473051274,280
"241",241,241,241,1241,11,25,143.942476190476,1.936,130.720857142857,284.752822149368,241,241,241,241,1,-3.73089537553296,180
"242",242,242,242,1242,12,22,111.108138888889,1.46879166666667,89.8442638888889,284.221622467041,242,242,242,242,2,-4.49711927407893,158
"243",243,243,243,1243,23,26,144.759881889764,1.78096062992126,123.308834645669,286.340478371447,243,243,243,243,13,-3.66123865748333,182
"244",244,244,244,1244,19,36,136.95162037037,1.8810462962963,111.567888888889,286.628483995979,244,244,244,244,9,13.0258062752815,374
"245",245,245,245,1245,0,16,119.87737037037,1.10240740740741,80.4116851851852,286.655419808847,245,245,245,245,0,-3.59158193943369,184
"246",246,246,246,1246,16,40,146.147016260163,2.11889430894309,124.953764227642,284.823609514934,246,246,246,246,6,17.2748660763092,496
"247",247,247,247,1247,0,5,121.914424242424,1.28087878787879,92.4568181818182,285.119408809777,247,247,247,247,0,-7.77098502241172,64
"248",248,248,248,1248,63,87,144.562911111111,1.94645185185185,118.978440740741,285.629496708623,248,248,248,248,53,25.3550453700667,728
"249",249,249,249,1249,87,189,165.782598784195,2.62388449848024,150.49667781155,285.960102286141,249,249,249,249,77,46.600344375205,1338
"250",250,250,250,1250,0,15,106.73888,1.4081,88.66476,284.621319580078,250,250,250,250,0,-6.58682081556795,98
"251",251,251,251,1251,0,3,119.118944444444,1.21938888888889,93.0209444444444,285.289450751411,251,251,251,251,0,-9.72137312780147,8
"252",252,252,252,1252,0,30,140.256386554622,1.85849579831933,96.6918823529412,286.497516023011,252,252,252,252,0,10.8664480157429,312
"253",253,253,253,1253,10,16,147.595907894737,1.59386842105263,97.6836973684211,286.229247645328,253,253,253,253,0,-4.8454028643271,148
"254",254,254,254,1254,22,44,131.964830769231,1.97488461538462,126.584946153846,286.222186514048,254,254,254,254,12,-4.07917896578113,170
"255",255,255,255,1255,22,47,134.214473404255,1.68889361702128,117.355882978723,284.265154412452,255,255,255,255,12,24.9371050617689,716
"256",256,256,256,1256,24,45,127.382413407821,1.65977653631285,112.669033519553,284.422169264468,256,256,256,256,14,26.4695528588608,760
"257",257,257,257,1257,72,133,168.989636042403,2.67289399293286,145.236477031802,285.455844946548,257,257,257,257,62,57.7454192631464,1658
"258",258,258,258,1258,0,1,18.943,0.2385,4.90925,273.006992340088,258,258,258,258,0,-9.09446266535476,26
"259",259,259,259,1259,0,9,31.8987777777778,0.325333333333333,9.70495555555556,276.37436319987,259,259,259,259,0,-4.07917896578113,170
"260",260,260,260,1260,23,24,146.0004140625,1.9511875,140.3196875,286.683505535126,260,260,260,260,13,-0.387372909150541,276
"261",261,261,261,1261,0,20,153.800205128205,1.53515384615385,103.412974358974,284.621367625701,261,261,261,261,0,-7.28338799606428,78
"262",262,262,262,1262,12,15,149.38196969697,1.56515151515152,85.5939090909091,285.315548983487,262,262,262,262,2,-2.26810429649065,222
"263",263,263,263,1263,0,10,22.7331707317073,0.242512195121951,5.29753658536585,273.07058492521,263,263,263,263,0,-3.03432819503662,200
"264",264,264,264,1264,0,1,145.099928571429,1.81128571428571,126.908,286.361118861607,264,264,264,264,0,-8.53720892095769,42
"265",265,265,265,1265,227,477,168.40441322314,3.08474931129477,167.315716253444,286.481405827406,265,265,265,265,217,145.094943697387,4166
"266",266,266,266,1266,10,20,104.155924050633,1.35620253164557,81.6525063291139,283.599593536763,266,266,266,266,0,-5.68128348092271,124
"267",267,267,267,1267,0,19,99.014765625,1.327484375,67.38396875,281.03361415863,267,267,267,267,0,-3.31295506723516,192
"268",268,268,268,1268,0,5,135.683,1.60965,105.72865,286.533512115478,268,268,268,268,0,-9.72137312780147,8
"269",269,269,269,1269,22,62,157.24677486911,2.13348691099476,132.163240837696,286.950316583923,269,269,269,269,12,21.0363288509894,604
"270",270,270,270,1270,25,87,94.1385330578512,1.34643801652893,71.1365123966942,285.164923265946,270,270,270,270,15,40.4705531868372,1162
"271",271,271,271,1271,0,3,117.412342857143,1.07588571428571,80.6628857142857,278.889804513114,271,271,271,271,0,-6.51716409751831,100
"272",272,272,272,1272,5468,11391,168.059538251366,3.46000546448087,196.431308743169,286.410111807735,272,272,272,272,350,7667.53289603149,220152
"273",273,273,273,1273,11,39,158.847547008547,2.44071794871795,127.72141025641,285.257065732255,273,273,273,273,1,-2.40741773258992,218
"274",274,274,274,1274,0,9,125.71378125,1.82396875,107.08765625,286.473394393921,274,274,274,274,0,-9.09446266535476,26
"275",275,275,275,1275,20,61,103.396806122449,1.48260714285714,79.7396479591837,282.029891422817,275,275,275,275,10,20.6183885426916,592
"276",276,276,276,1276,0,26,132.087422818792,1.67791275167785,111.932255033557,284.436324356386,276,276,276,276,0,12.747179403083,366
"277",277,277,277,1277,0,4,91.7195,0.399375,31.619625,278.486895720164,277,277,277,277,0,-9.86068656390073,4
"278",278,278,278,1278,0,4,37.9673888888889,0.304944444444444,13.9176111111111,278.905073377821,278,278,278,278,0,-9.51240297365256,14
"279",279,279,279,1279,0,14,86.4764,0.459675,32.3422,284.081301116943,279,279,279,279,0,-8.74617907510659,36
"280",280,280,280,1280,64,123,165.79221192053,2.68262913907285,149.376122516556,285.489806219442,280,280,280,280,54,36.0821799497103,1036
"281",281,281,281,1281,0,0,31.2273333333333,0.254083333333333,7.19758333333333,280.080423990885,281,281,281,281,0,-9.51240297365256,14
"282",282,282,282,1282,0,7,29.0502380952381,0.242666666666667,7.54347619047619,275.958718678308,282,282,282,282,0,-9.93034328195037,2
"283",283,283,283,1283,0,21,122.736356164384,1.60954794520548,105.367575342466,283.517708138244,283,283,283,283,0,-4.49711927407893,158
"284",284,284,284,1284,14,30,100.735795620438,1.19371532846715,77.4304671532847,283.77808226054,284,284,284,284,4,-1.36256696184541,248
"285",285,285,285,1285,0,10,89.0029090909091,0.940854545454545,58.5531090909091,283.245587158203,285,285,285,285,0,-5.054373018476,142
"286",286,286,286,1286,0,23,123.786489361702,1.42157446808511,90.5372765957447,285.669762361134,286,286,286,286,0,-7.56201486826282,70
"287",287,287,287,1287,0,41,136.458816666667,1.744825,109.309591666667,284.363025220235,287,287,287,287,0,14.836880944572,426
"288",288,288,288,1288,0,1,31.6934,0.1976,5.9293,282.38004699707,288,288,288,288,0,-10,10
"289",289,289,289,1289,0,9,125.948526315789,1.49923684210526,89.7023157894737,284.065442537007,289,289,289,289,0,-7.84064174046135,62
"290",290,290,290,1290,13,19,143.636717948718,1.54488461538462,103.906358974359,285.226587931315,290,290,290,290,3,-7.42270143216355,74
"291",291,291,291,1291,0,16,66.1642711864407,0.736677966101695,34.2893898305085,279.256565727622,291,291,291,291,0,-8.95514922925549,30
"292",292,292,292,1292,201,526,158.812435261708,2.76954545454545,165.164490358127,286.139463272305,292,292,292,292,191,64.9897179403083,1866
"293",293,293,293,1293,28,50,160.299188235294,2.29531176470588,122.0159,285.471284395106,293,293,293,293,18,14.7672242265224,424
"294",294,294,294,1294,0,18,146.954926470588,1.91985294117647,98.8772205882353,285.791086757884,294,294,294,294,0,-6.16888050727014,110
"295",295,295,295,1295,0,10,149.29764516129,1.57209677419355,112.569419354839,286.781501852056,295,295,295,295,0,-7.42270143216355,74
"296",296,296,296,1296,0,4,129.967066666667,1.6488,93.2380666666667,285.315803527832,296,296,296,296,0,-9.23377610145403,22
"297",297,297,297,1297,0,7,76.168,0.806439024390244,35.6565609756098,280.722057249488,297,297,297,297,0,-7.63167158631245,68
"298",298,298,298,1298,0,5,118.248777777778,0.9385,69.8056111111111,287.674396938748,298,298,298,298,0,-8.60686563900732,40
"299",299,299,299,1299,23,61,159.214962162162,2.12447567567568,148.023524324324,286.043001906936,299,299,299,299,13,16.7872690499617,482
"300",300,300,300,1300,31,54,149.061586387435,2.02946596858639,142.251591623037,287.166561066792,300,300,300,300,21,18.6680004373018,536
"301",301,301,301,1301,0,10,134.53237254902,1.29656862745098,92.0732156862745,284.448078429777,301,301,301,301,0,-6.23853722531978,108
"302",302,302,302,1302,10,24,133.339045454545,1.64271818181818,114.443654545455,285.636412672563,302,302,302,302,0,-3.03432819503662,200
"303",303,303,303,1303,0,28,128.639147540984,1.47622131147541,101.665532786885,283.457200764307,303,303,303,303,0,-1.43222367989505,246
"304",304,304,304,1304,0,11,140.804261904762,1.72892857142857,100.89480952381,287.012467157273,304,304,304,304,0,-6.37785066141904,104
"305",305,305,305,1305,10,23,121.666570175439,1.58285087719298,103.832052631579,282.615909911039,305,305,305,305,0,-5.54197004482344,128
"306",306,306,306,1306,0,12,70.3210181818182,0.792018181818182,38.6509636363636,279.063910836884,306,306,306,306,0,-8.32823876680879,48
"307",307,307,307,1307,15,58,84.6025751633987,1.0338431372549,54.4609673202614,284.373334976894,307,307,307,307,5,13.7223734557779,394
"308",308,308,308,1308,18,58,163.985059701493,2.48489054726368,145.562736318408,285.22404836778,308,308,308,308,8,24.7977916256696,712
"309",309,309,309,1309,76,157,169.551664556962,2.68678164556962,175.795186708861,286.09614872027,309,309,309,309,66,37.1270307204548,1066
"310",310,310,310,1310,0,8,164.759307692308,2.2564358974359,149.045717948718,284.895563761393,310,310,310,310,0,-1.22325352574615,252
"311",311,311,311,1311,0,20,148.712476190476,1.92780952380952,120.428333333333,287.238886515299,311,311,311,311,0,-5.95991035312124,116
"312",312,312,312,1312,0,13,131.882230769231,1.42219230769231,84.1737692307692,283.413156884348,312,312,312,312,0,-7.70132830436209,66
"313",313,313,313,1313,13,32,75.7688472222222,0.754152777777778,36.5015694444444,279.210483974881,313,313,313,313,3,-8.95514922925549,30
"314",314,314,314,1314,60,152,161.717247648903,2.31067084639498,137.874297805643,286.345733020747,314,314,314,314,50,51.1280310484312,1468
"315",315,315,315,1315,48,70,157.880547244094,2.34978346456693,164.280744094488,286.511323583408,315,315,315,315,38,-0.874969935497978,262
